{
  "Final Portfolio": 8359.122948618195,
  "CAGR": 52.9086811869355,
  "Max Drawdown Amount": -2616.5702145856176,
  "Max Drawdown Percent": -40.01469122938376,
  "Sharpe": 1.2395358712662439,
  "Sortino": 1.6214080713969592,
  "Calmar": 1.3222313995536563,
  "Profit Factor": Infinity,
  "Win Rate": 100.0,
  "Expectancy": 2453.0409828727315,
  "Trades": 3.0
}